Filename;Date
20-note-character-selection-announcement.txt;22 April 2016
200th-anniversary-of-danmarks-nationalbank-speech-by-donald-kohn.txt;7 September 2018
2010-a-progress-report-speech-by-spencer-dale.txt;1 December 2010
21st-century-markets.txt;29 November 2001
50-character-selection-and-future-forum-launch.txt;2 November 2018
50-note-character-selection-announcement-speech-by-mark-carney.txt;15 July 2019
a-21st-century-approach-to-dealing-with-failed-banks.txt;29 April 2016
a-bank-for-all-regions.txt;14 March 2002
a-bank-of-england-perspective-on-gender-diversity-past-present-and-future-speech-by-lea-paterson.txt;12 February 2020
a-changing-world-is-global-still-good.txt;11 February 2016
a-city-week-2014.txt;31 March 2014
a-cost-of-living-crisis-speech-by-swati-dhingra-appendix.txt;8 March 2023
a-cost-of-living-crisis-speech-by-swati-dhingra.txt;08 March 2023
a-d-to-z-of-current-issues-in-insurance-supervision.txt;26 September 2018
a-debate-framed-by-fallacies.txt;25 September 2012
a-few-remarks-on-current-monetary-policy-in-a-rebalancing-economy-speech-by-paul-tucker.txt;22 November 2011
a-fine-balance.txt;20 June 2017
a-framework-for-all-seasons-speech-by-mark-carney.txt;9 January 2020
a-framework-for-financial-stability.txt;18 May 2005
a-governor-looks-back-and-forward.txt;19 June 2013
a-leaf-being-turned.txt;29 October 2012
a-little-bit-of-stodginess-speech-by-jon-cunliffe.txt;13 July 2018
a-little-more-conversation-a-little-less-action.txt;31 March 2017
a-macroprudential-approach-to-bank-capital-serving-the-real-economy.txt;7 March 2016
a-matter-of-no-small-interest.txt;2 March 2005
a-moniac-not-manic-economy.txt;8 February 2017
a-new-heart-for-a-changing-payments-system.txt;27 January 2016
a-new-horizon-speech-by-mark-carney.txt;21 March 2019
a-new-regulatory-relationship-the-bank-the-financial-system-and-the-wider-economy.txt;28 May 2013
a-new-rtgs-service-for-the-uk-a-platform-9-and-three-quarters-for-sterling.txt;28 September 2016
a-payments-strategy-for-the-21st-century.txt;29 November 2016
a-perspective-on-recent-monetary-and-financial-system-developments.txt;26 April 2007
a-picture-of-european-unemployment-success-and-failure.txt;26 March 2004
a-platform-for-innovation-remarks-by-mark-carney.txt;29 April 2019
a-practical-process-for-implementing-a-bail-in-resolution-power.txt;17 September 2012
a-review-of-the-economic-year.txt;2 December 2009
a-shift-in-the-balance-of-risks.txt;18 May 2006
a-tale-of-two-cycles.txt;19 June 2008
a-tale-of-two-labour-markets-the-uk-and-us.txt;26 January 2016
a-tale-of-two-shocks-global-challenges-for-uk-monetary-policy.txt;27 November 2007
a-transition-in-thinking-and-action-speech-by-mark-carney.txt;6 April 2018
accounting-for-bank-uncertainty.txt;19 December 2011
achieving-a-sustainable-recovery-where-next-for-business-investment.txt;22 January 2014
adapting-to-solvency-2.txt;9 July 2015
addressing-the-growing-challenges-in-the-international-monetary-and-financial-system-slides.txt;18 October 2019
adjusting-to-low-inflation.txt;18 February 2003
ai-and-the-global-economy-mark-carney-slides.txt;23 October 2018
alastair-clark-institute-of-chartered-accountants-in-banking.txt;3 May 2000
alex-brazier-imperial-college-future-of-finance-conference.txt;19 April 2018
alice-in-euroland.txt;15 December 1998
all-along-the-watchtower.txt;18 September 2008
all-party-parliament-group-on-insurance-and-financial-servies.txt;1 July 2014
ambidexterity.txt;3 January 2014
14 March 2014
an-annuity-is-a-very-serious-business-part-two.txt;10 April 2019
an-annuity-is-a-very-serious-business-speech-by-david-rule.txt;26 April 2018
an-end-of-year-retrospective-on-the-uk-outlook-and-monetary-policy-speech-by-jonathan-haskel.txt;20 December 2019
an-evolving-financial-system-dont-leave-it-too-late-simulate-slides.txt;28 September 2018
an-update-on-the-economic-outlook-speech-by-gertjan-vlieghe.txt;22 February 2021
analytical-models-of-financial-stability.txt;28 March 2007
andrew-bailey-speech-at-the-lord-mayors-banquet-london.txt;16 October 2014
andy-haldanes-opening-remarks-at-london-business-school-centre-for-corporate.txt;7 March 2016
anil-kashyap-monetary-and-financial-institutions-forum-london.txt;13 June 2018
annual-birmingham-forward-cbi-business-luncheon.txt;20 January 2004
annual-cornwall-lecture.txt;19 November 1999
are-europeans-lazy-or-americans-crazy.txt;30 May 2006
are-firms-underinvesting-and-if-so-why.txt;8 February 2017
assessing-the-health-of-the-economy-speech-by-gertjan-vlieghe.txt;20 October 2020
asset-prices-financial-imbalances-and-monetary-policy-august.txt;19 August 2003
asset-prices-financial-imbalances-and-monetary-policy-march.txt;29 March 2003
asset-prices-monetary-policy-and-financial-stability.txt;3 January 2004
asset-prices-saving-and-the-wider-effects-of-monetary-policy.txt;1 March 2012
avoiding-economic-anxiety-speech-by-andy-haldane.txt;30 September 2020
avoiding-the-storm-climate-change-and-the-financial-system-speech-by-sarah-breeden.txt;15 April 2019
back-to-the-future-of-low-global-inflation.txt;20 October 1999
balancing-security-and-aesthetics-speech-by-chris-salmon-slides.txt;25 October 2011
balancing-security-and-aesthetics-speech-by-chris-salmon.txt;25 October 2011
balancing-the-economic-see-saw.txt;14 April 2000
bank-capital-debating-again.txt;9 March 2016
bank-regulation-on-the-benefits-of-flexibility-speech-by-victoria-saporta.txt;26 June 2019
bank-share-rating-buy.txt;12 December 2012
bankers-club-annual-banquet.txt;14 February 2000
banking-and-the-bank-of-england.txt;10 June 2008
banking-from-bagehot-to-basel-and-back-again-speech-by-mervyn-king.txt;25 October 2010
banking-in-the-tundra.txt;25 May 2016
banking-reform-and-macroprudential-regulation.txt;13 June 2013
banking-standards-board-worthy-of-trust-law-ethics-and-culture-in-banking.txt;21 March 2017
banking-supervision-and-financial-stability-from-an-international-perspective.txt;29 November 2001
banknotes-in-circulation-still-rising.txt;6 December 2009
banknotes-meeting-demand-speech-by-victoria-cleland.txt;11 June 2010
banks-and-the-systemic-risk-theory-and-evidence.txt;23 May 2001
basel-ii-and-systemic-stability.txt;13 March 2003
bbc-today-programme-lecture.txt;2 May 2012
before-the-milennium-from-the-city-of-london.txt;7 December 1999
between-feast-and-famine-transparency-accountability-and-the-lender-of.txt;10 February 2016
birmingham-city-2000.txt;18 May 1999
boe-polymer-consultation-programme.txt;24 September 2013
boring-bankers-should-we-listen.txt;22 April 2004
breaking-the-tragedy-of-the-horizon-climate-change-and-financial-stability.txt;29 September 2015
brexit-and-interest-rates-speech-by-ben-broadbent.txt;15 November 2017
brexit-and-monetary-policy.txt;18 July 2016
brexit-and-the-pound.txt;23 March 2017
bridging-the-gap-between-institution-and-innovation.txt;9 November 2016
britain-in-europe-at-the-borsen.txt;6 March 1998
britain-in-europe.txt;21 October 1998
british-futures-2000.txt;4 April 2000
british-unemployment-and-monetary-policy.txt;2 December 1999
broken-glass-moving-towards-sustainable-financial-regulation.txt;13 November 2012
building-an-inclusive-culture-speech-by-joanna-place.txt;22 March 2018
building-financial-market-resilience-from-diagnosis-to-prescription-jon-hall-appendix.txt;19 May 2021
building-on-strong-foundations-why-central-banks-bank-for-each-other.txt;20 December 2017
building-real-markets-for-the-good-of-the-people.txt;10 June 2015
building-resilient-financial-systems-speech-by-paul-tucker.txt;23 May 2011
building-the-infrastructure-to-realise-fintechs-promise.txt;12 April 2017
building-the-market-infrastructure-of-tomorrow-crest-rtgs-and-the-boe-20-years-on.txt;20 September 2016
business-surveys-and-monetary-policy.txt;24 July 2008
capital-discipline-speech-by-andrew-haldane.txt;9 January 2011
capitalism-without-capital-understanding-our-new-knowledge-economy-speech-by-jonathan-haskel.txt;16 May 2019
cbi-dinner-manchester.txt;20 January 2005
cbi-north-east-annual-dinner.txt;11 October 2005
cbi-scotland-dinner.txt;14 June 2004
cbi-west-midlands-economic-dinner.txt;21 March 2006
cbi-yorkshire-and-humber-annual-dinner.txt;28 April 2004
ccp-resolution-and-the-ending-too-big-to-fail-agenda.txt;22 October 2015
celebrating-inclusion-national-inclusion-week-launch-speech-by-victoria-cleland.txt;23 September 2019
central-bank-asset-purchases-and-financial-markets.txt;26 June 2013
central-bank-communications.txt;23 January 2006
central-bank-independence-as-a-prerequisite-for-financial-stability-speech-by-richard-sharp.txt;19 March 2019
central-bank-psychology.txt;17 November 2014
central-banking-and-political-economy-the-example-of-the-uk-monetary-policy-committee.txt;15 June 2007
central-banking-in-boom-and-slump.txt;31 October 2012
central-banking-then-and-now-speech-by-charles-bean.txt;12 July 2011
central-banks-and-digital-currencies.txt;2 March 2016
central-clearing-and-resolution-learning-some-of-the-lessons-of-lehmans-speech-by-jon-cunliffe.txt;5 June 2018
central-clearing-setting-the-regulatory-bar.txt;11 May 2016
central-counterparties-the-agenda-speech-by-paul-tucker.txt;24 October 2011
centre-for-financial-studies-seminar.txt;13 September 2001
challenges-and-opportunities-ahead-for-the-mutual-sector-speech-david-bailey.txt;04 May 2023
challenges-for-financial-markets.txt;3 November 2016
challenges-for-monetary-policy-new-and-old.txt;27 August 1999
27 August 1999
challenges-for-the-future.txt;24 March 2012
challenges-in-note-circulation-speech-by-victoria-cleland.txt;21 March 2011
challenges-of-prudential-regulation.txt;3 June 2013
challenging-times-for-monetary-policy.txt;19 October 2005
changes-in-insurance-regulation-globally.txt;4 December 2014
changing-risks-and-the-search-for-yield-on-solvency-2-capital.txt;6 July 2017
changing-times-changing-norms-speech-by-ian-mccafferty.txt;26 June 2018
charles-bean-jackson-hole-symposium.txt;26 August 2006
charles-bean-speech-at-cutlers-fest.txt;21 May 2009
chartered-institute-of-bankers-in-scotland-biennnial-dinner.txt;15 January 2001
chatham-house-conference-on-global-financial-imbalances.txt;24 January 2006
citizens-in-service-not-people-in power-speech-by-alex-brazier.txt;17 May 2019
city-council-dinner.txt;18 January 2000
clearing-houses-as-system-risk-managers-speech-by-paul-tucker.txt;1 June 2011
climate-change-plotting-our-course-to-net-zero.txt;18 May 2021
climbing-the-jobs-ladder-speech-by-andy-haldane.txt;23 July 2019
climbing-the-public-engagement-ladder.txt;6 March 2018
closing-remarks-to-the-boe-open-forum.txt;11 November 2015
colechester-town-partnership-annual-dinner.txt;25 November 2004
comments-made-on-3-january-by-mervyn-king.txt;4 January 2004
communicating-monetary-policy-in-practice.txt;17 May 2005
comparing-uk-and-us-macroprudential-systems-lessons-for-china.txt;11 May 2014
competition-the-pressure-for-returns-and-stability.txt;17 October 2012
compositional-shifts-in-the-labour-market.txt;23 September 2015
conditional-guidance-as-a-response-to-supply-uncertainty-appendix.txt;23 September 2013
conditional-guidance-as-a-response-to-supply-uncertainty.txt;23 September 2013
confronting-the-challenges-of-tomorrows-world.txt;3 March 2015
consumption-and-interest-rates.txt;19 July 2007
containing-system-wide-liquidity-risks-some-issues-and-challenges.txt;15 May 2009
contingency-planning-and-systematic-stability.txt;18 April 2002
continuous-improvements-in-communicating-monetary-policy-speech-by-gertjan-vlieghe.txt;12 July 2019
control-rights-and-wrongs-speech-by-andrew-haldane.txt;24 October 2011
convergence-in-insurance-and-banking.txt;12 June 2003
cooperation-and-coordination-across-policy-domains.txt;19 September 2017
costly-capital-and-the-risk-of-rare-disasters.txt;28 May 2012
covid-19-and-monetary-policy-speech-by-michael-saunders.txt;28 May 2020
covid-19-and-the-economy-speech-silvana-tenreyro.txt;15 July 2020
covid-and-the-composition-of-spending-speech-by-ben-broadbent.txt;12 January 2021
credit-can-trees-grow-to-the-sky.txt;9 February 2016
credit-conditions-and-monetary-policy.txt;28 August 2003
credit-conditions-for-firms-stability-and-monetary-policy.txt;18 April 2012
credit-is-trust.txt;14 September 2009
credit-union-meets-robot-speech-by-sam-woods.txt;24 October 2019
crisis-and-crash-lessons-for-regulation.txt;23 March 2012
crisis-prevention-and-resolution.txt;6 September 2000
cross-border-payments-innovating-in-a-changing-world-speech-by-victoria-cleland.txt;13 October 2020
crossing-the-threshold-to-recovery.txt;28 August 2013
culture-in-financial-services-a-regulators-perspective.txt;9 May 2016
currency-puzzles.txt;16 September 1999
current-issues-for-the-pra-as-a-general-insurance-supervisor.txt;2 October 2013
current-issues-in-monetary-policy-speech-by-paul-fisher-slides.txt;21 June 2011
current-issues-in-monetary-policy-speech-by-paul-fisher.txt;21 June 2011
current-issues-in-monetary-policy.txt;26 February 2013
current-monetary-policy-issues.txt;22 November 2007
current-regulatory-issues-and-pra-expectations-in-current-market-conditions.txt;4 April 2016
current-threats-to-global-financial-stability-a-european-view.txt;22 January 2001
cyber-in-context.txt;2 July 2015
cyber-resilience-a-financial-stability-perspective.txt;23 January 2015
cyborg-supervision-speech-by-james-proudman.txt;19 November 2018
dave-ramsden-securities-industry-conference.txt;07 October 2022
de-globalisation-and-inflation.txt;18 September 2017
dealing-with-a-market-turning-event-in-the-general-insurance-sector.txt;29 September 2016
dealing-with-change-liquidity-in-evolving-market-structures.txt;27 October 2015
deanne-julius-speech.txt;27 March 2001
debt-demographics-and-the-distribution-of-income-new-challenges.txt;18 January 2016
debt-dynamics-speech-by-ben-broadbent.txt;23 January 2019
debt-strikes-back-or-return-of-the-regulator.txt;24 July 2017
debt-workouts-for-corporates-banks-and-countries-some-common-themes.txt;19 July 2001
deconstruction.txt;29 October 2012
deepen-and-diversify-uk-financial-infrastucture-to-enable-small-business-growth-slides.txt;2 February 2012
default-management-by-central-counterparties-the-importance-of-preparation.txt;17 November 2016
deleveraging.txt;15 March 2012
developing-a-framework-for-stress-testing-of-financial-stability-risks.txt;12 July 2007
developing-an-eu-cross-border-crisis-management-framework-remarks-by-paul-tucker.txt;30 September 2010
developments-in-uk-financial-markets.txt;18 November 1997
discussion-of-lord-turners-lecture-remarks-by-paul-tucker.txt;18 February 2011
do-we-have-a-new-economy.txt;14 September 2001
do-we-need-an-international-monetary-system-speech-by-mervyn-king.txt;11 March 2011
do-we-need-public-money-speech-by-jon-cunliffe.txt;13 May 2021
does-sterling-still-matter-for-monetary-policy.txt;23 April 2008
donald-kohn-remarks-to-the-bba-strategy-group.txt;10 September 2014
dont-just-do-something-stand-there-and-think.txt;14 July 2015
drag-and-drop.txt;19 March 2015
dragon-award-dinner.txt;2 October 2000
driving-different-decisions-today-putting-climate-scenarios-into-action-speech-annex.txt;20 October 2021
driving-different-decisions-today-putting-climate-scenarios-into-action.txt;20 October 2021
e-commerce-and-the-fx-market-have-the-promises-been-met.txt;19 January 2004
east-midlands-development-agency-dinner.txt;14 October 2003
economic-imbalances-and-uk-monetary-policy.txt;19 September 2001
economic-outlook-slides-speech-by-huw-pill.txt;7 July 2022
economic-outlook.txt;21 February 2007
economic-prospects-and-the-policy-challenge.txt;16 January 2009
economic-stability-and-the-business-climate.txt;24 November 2005
economists-and-the-real-world.txt;29 January 2003
edward-george-16th-european-finance-convention.txt;6 December 2002
edward-george-asian-business-association-dinner.txt;19 March 2002
edward-george-association-of-business-community-dinner.txt;14 January 2002
edward-george-association-of-corporate-treasurers-annual-dinner.txt;13 November 2002
edward-george-bankers-club-annual-banquet.txt;1 February 1999
edward-george-bankers-club-guild-banquet.txt;4 February 2002
edward-george-chancellors-lecture-at-hertfordshire-university.txt;18 February 1999
edward-george-chartered-institute-of-bankers-in-scotland.txt;20 January 2003
edward-george-eef-biennial-dinner.txt;12 February 2002
edward-george-euromoney-bond-investors-congress.txt;19 February 2002
edward-george-euromoney-international-bond-congress.txt;10 February 1999
edward-george-finance-and-leasing-association-annual-dinner.txt;24 March 2003
edward-george-institute-for-manufacturing.txt;12 January 1999
edward-george-institute-of-directors-convention.txt;25 April 2001
edward-george-institute-of-directors.txt;19 November 1998
edward-george-islamic-home-finance-seminar.txt;27 March 2003
edward-george-jiji-press-london-top-seminar.txt;30 May 2001
edward-george-kpmg-profitability-seminar.txt;1 March 1999
edward-george-lord-mayors-banquet.txt;12 June 1997
edward-george-mansion-house-speech.txt;10 June 1999
edward-george-mansion-house.txt;18 June 2003
edward-george-newcastle-upon-tyne-civic-centre.txt;24 February 1999
edward-george-northwest-development-agency-dinner.txt;15 October 2002
edward-george-official-opening-of-the-new-economics-building-oxford-university.txt;18 January 2002
edward-george-opportunity-international.txt;22 January 2002
edward-george-queen-elizabeth-conference-centre.txt;25 February 1997
edward-george-rsa.txt;11 April 2002
edward-george-second-city-of-london-biennial-meeting.txt;12 December 2001
edward-george-st-pauls-cathedral-lecture.txt;28 November 2000
edward-george-swiss-institute-of-international-studies.txt;7 May 2001
edward-george-the-sixteenth-mais-lecture.txt;24 June 1997
edward-george-tuc-congression.txt;15 September 1998
edward-george-welsh-development-agency-dinner.txt;16 October 2001
edward-george-west-midlands-conference.txt;20 September 2002
embarking-on-a-new-voyage-solvency-2-in-context.txt;27 January 2016
embracing-fintech-speech-by-dave-ramsden.txt;30 April 2019
emerging-prudential-lessons-from-the-covid-stress-speech-by-victoria-saporta.txt;21 July 2021
employment-and-taxes.txt;21 July 2003
employment-policy-institutes-fourth-annual-lecture.txt;1 December 1998
enable-empower-ensure-a-new-finance-for-the-new-economy-speech-by-mark-carney.txt;20 June 2019
enabling-the-fintech-transformation-revolution-restoration-or-reformation.txt;16 June 2016
ending-too-big-to-fail-getting-the-job-done.txt;26 May 2016
ending-too-big-to-fail-progress-to-date-and-remaining-issues.txt;13 May 2014
energy-and-environment-challenges-in-the-new-global-economy.txt;21 September 2009
enhancing-financial-stability-the-role-of-transparency-speech-by-donald-kohn.txt;6 September 2011
enhancing-resilience-in-payments-speech-by-victoria-cleland.txt;8 October 2019
entrepreneurship-in-the-uk.txt;9 July 2007
equity-indices-and-europe.txt;17 June 1999
eurofi-high-level-seminar.txt;29 MARCH 2012
euromoney-global-borrowers-and-investors-forum.txt;23 June 2005
everyday-economics.txt;27 November 2017
expectations-lags-and-the-transmission-of-monetary-policy-speech-by-catherine-l-mann-appendix.txt;23 February 2023
expectations-lags-and-the-transmission-of-monetary-policy-speech-by-catherine-l-mann.txt;23 February 2023
failure-to-launch.txt;22 June 2017
fear-unemployment-and-migration.txt;30 October 2007
finance-a-return-from-risk.txt;17 March 2009
finance-by-all-for-all-speech-by-mark-carney.txt;14 June 2019
financial-arms-races.txt;14 April 2012
financial-deglobalization-capital-flows-banks-and-the-beatles.txt;18 November 2014
financial-education-and-the-boe-speech-by-ben-broadbent.txt;3 July 2019
financial-innovation-what-have-we-learnt.txt;14 July 2008
financial-instability-and-uk-monetary-policy.txt;23 October 2007
financial-institutions-supervision-and-culture.txt;20 October 2016
financial-instrument-accounting.txt;22 November 2004
financial-market-volatility-and-liquidity-a-cautionary-note.txt;13 March 2015
financial-markets-and-household-consumption.txt;18 February 2008
financial-markets-identifying-risks-and-appropriate-responses.txt;15 May 2015
financial-markets-monetary-policy-and-credit-supply.txt;2 October 2013
financial-reform-remarks-by-andrew-bailey.txt;21 September 2010
financial-resilience-and-economic-earthquakes-speech-by-alex-brazier.txt;13 June 2019
financial-stability-and-low-for-long-speech-by-jon-cunliffe.txt;14 October 2019
financial-stability-and-the-city.txt;13 June 2000
financial-stability-in-an-unpredictable-world.txt;12 October 2015
financial-stability-maintaining-confidence-in-a-complex-world.txt;17 November 2003
financial-stability-managing-liquidity-risk-in-a-global-system.txt;28 November 2005
financial-stability-objective-and-resolution-speech-by-andrew-bailey.txt;17 March 2011
financial-stability-oversight-past-and-present.txt;22 January 2004
financial-stability-post-brexit-risks-from-global-debt-speech-by-jon-cunliffe.txt;7 May 2019
financial-stability-the-single-market-and-the-capital-markets-union.txt;20 January 2015
financial-system-risks-in-the-uk-issues-and-challenges.txt;25 July 2006
finding-the-right-balance-speech-by-dave-ramsden.txt;28 September 2018
finding-the-right-tool-for-dealing-with-asset-price-booms.txt;1 December 2009
fintech-opportunities-for-all.txt;8 September 2016
fixing-the-global-financial-safety-net-lessons-from-central-banking.txt;22 September 2015
folk-wisdom-speech-by-andy-haldane.txt;19 September 2018
for-yorkshire-and-the-humber-business-and-civic-leaders-and-mps.txt;16 January 2001
forcasting-future-banknote-demand.txt;5 October 2017
forecast-errors.txt;1 May 2013
foreign-and-colonial-emerging-markets-conference.txt;28 May 1998
foreign-exchange-as-a-business-in-the-21st-century.txt;16 May 2001
fortune-favours-the-bold.txt;28 January 2015
forward-guidance-and-its-effects.txt;11 December 2013
from-asymmetry-to-symmetry-changing-risks-to-the-economic-outlook-speech-by-gertjan-vlieghe.txt;23 March 2018
from-construction-to-maintenance-patrolling-the-ring-fence-speech-by-james-proudman.txt;26 November 2018
from-darkness-cometh-light-some-early-messages-from-the-femr-consultation-responses.txt;25 February 2015
from-design-to-delivery-stability-in-the-new-retail-payments-infrastructure.txt;21 February 2017
from-ethical-drift-to-ethical-lift-reversing-the-tide-of.txt;20 October 2016
from-hot-air-to-cold-hard-facts-speech-by-andrew-hauser-slides.txt;16 October 2020
from-hot-air-to-cold-hard-facts-speech-by-andrew-hauser.txt;16 October 2020
from-lincoln-to-lothbury-magna-carta-and-the-boe.txt;16 July 2015
from-protectionism-to-prosperity-speech-by-mark-carney.txt;5 July 2018
from-retailers-paradise-to-shoppers-strike.txt;29 February 2012
ft-world-gold-conference.txt;14 June 1999
future-of-central-banking.txt;27 August 2000
gender-diversity-speech-by-joanna-place.txt;15 May 2019
geofinance - press release sam woods.txt;4 October 2017
geofinance - speech by sam woods.txt;4 October 2017
getting-back-to-business-speech-by-andrew-sentence.txt;24 November 2010
getting-credit-flowing-a-non-monetarist-approach-to-quantitative-easing.txt;26 October 2009
getting-over-covid-speech-by-andrew-bailey.txt;8 March 2021
glasgow-trades-house-lecture-at-strathclyde-university.txt;27 May 1999
global-action-to-enhance-cross-border-payments-speech-by-victoria-cleland-slides.txt;29 March 2023
global-aspects-of-unconventional-monetary-policies.txt;24 August 2013
global-demographic-change.txt;28 August 2004
global-economic-tsunamis-coincidence-common-shocks-or-contagion.txt;22 September 2016
global-imbalances-in-retrospect-and-prospect-speech-by-andrew-haldane.txt;3 November 2010
global-inflation-how-big-a-threat.txt;15 July 2008
global-influences-on-uk-interest-rates.txt;25 September 2008
global-pipes-challenges-for-systemic-financial-infrastructure.txt;22 February 2017
globalisation-and-inflation.txt;24 October 2006
globally-systemically-important-insurers-issues-policies-and-challenges-after-designation.txt;24 March 2014
good-cop-bad-cop-speech-by-sam-woods.txt;25 October 2018
good-policy-vs-accurate-forecasts.txt;5 April 2017
goodbye-ambiguity-hello-clarity-the-boe-relationship-with-financial-markets.txt;26 February 2015
governance-and-the-role-of-boards.txt;3 November 2015
government-debt-and-inflation-speech-by-ben-broadbent.txt;2 September 2020
government-debt-and-unconventional-monetary-policy.txt;26 March 2012
governors-remarks-given-at-chartwell-kent.txt;26 April 2013
governors-speech-at-mansion-house.txt;17 June 2009
growing-fast-and-slow.txt;17 February 2015
growing-your-business-in-the-global-economy-not-all-doom-and-gloom.txt;16 October 2015
guidance-contingencies-and-brexit-speech-by-mark-carney.txt;24 May 2018
haircuts-speech-by-andrew-haldane.txt;1 August 2011
hanes-dwy-ddinas-or-a-tale-of-two-cities.txt;18 June 2001
harrowing-the-ploughed-field-refining-the-standardised-capital-regime.txt;3 March 2017
has-oil-lost-the-capacity-to-shock.txt;23 February 2006
has-the-simpler-post-2008-financial-system-held-up-speech-by-christina-segal-knowles.txt;29 January 2021
has-uk-labour-market-performance-changed.txt;16 May 2001
hedge-funds-and-financial-stability.txt;17 October 2006
henry-ford-ii-lecture.txt;21 April 1998
house-prices-household-debt-and-monetary-policy.txt;11 December 2002
household-behaviour-and-policy-analysis.txt;14 December 2012
household-debt-house-prices-and-consumption-growth.txt;14 September 2004
household-indebtedness-the-exchange-rate-and-risks-to-the-uk-economy.txt;25 March 2002
housing-leverage-and-stability-in-the-wider-economy.txt;14 November 2013
housing-the-quiet-decade-speech-by-jon-cunliffe.txt;20 May 2021
housing-tools-revisited-speech-by-jon-cunliffe.txt;3 July 2019
how-big-is-the-risk-of-recession.txt;21 February 2008
how-can-the-objective-of-macroprudential-policy-be-operationalised-speech-by-donald-kohn.txt;15 May 2019
how-low-can-you-can-go.txt;18 September 2015
how-monetary-policy-affects-your-gdp-speech-by-andy-haldane.txt;10 April 2018
how-much-spare-capacity-is-there-in-the-uk-economy.txt;31 May 2005
how-to-do-more-speech-by-adam-posen.txt;13 September 2011
how-to-macropru-5-principles-for-macroprudential-policy.txt;13 February 2017
huw-pill-slides-at-wales-week-2023.txt;2 March 2023
huw-pill-what-did-the-monetarists-ever-do-for us-speech-annex.txt;24 June 2022
ideas-and-institutions-a-growth-story-speech-by-andy-haldane.txt;23 May 2018
imperial-future-matters-from-lockdown-to-recovery-speech-by-jonathan-haskel.txt;23 July 2020
in-codes-we-trust-redefining-the-social-licence-for-financial-markets.txt;13 June 2017
in-experts-we-trust.txt;22 February 2017
in-giving-how-much-do-we-receive-the-social-value-of-volunteering.txt;9 September 2014
inclusive-capitalism-creating-a-sense-of-the-systemic.txt;27 May 2014
increasing-the-relevance-of-internal-audit.txt;14 December 2016
independence-and-responsibility-observations-from-an-external-member-of-the-mpc.txt;28 June 2015
inflation-a-tiger-by-the-tail-speech-by-andy-haldane.txt;26 February 2021
inflation-and-beliefs-about-inflation-speech-by-ben-broadbent.txt;4 March 2020
inflation-and-growth-in-the-service-industries.txt;23 March 1999
inflation-and-growth-what-role-for-monetary-policy.txt;15 March 2013
inflation-and-the-global-economy.txt;22 April 2008
inflation-and-the-service-sector.txt;18 January 2007
inflation-and-the-supply-side-of-the-uk-economy.txt;16 January 2007
inflation-employment-and-monetary-policy-in-the-uk-and-the-us.txt;13 April 2013
inflation-expectations-and-monetary-policy.txt;29 April 2008
inflation-finely-balanced-risks.txt;11 March 2015
inflation-in-a-globalised-world.txt;29 August 2015
inflation-inflation-inflation-speech-by-spencer-dale.txt;22 September 2010
inflation-interest-rates-and-forward-guidance.txt;23 January 2014
inflation-is-a-wicked-problem-speech-slides-huw-pill.txt;16 February 2023
inflation-now-and-then-speech-by-jonathan-haskel-accompanying-slides.txt;23 November 2021
inflation-now-and-then-speech-by-jonathan-haskel.txt;23 November 2021
inflation-targeting-achievement-and-challenges.txt;18 February 2004
inflation-targeting-and-flexibility.txt;14 June 2013
inflation-targeting-and-the-mpcs-forward-guidance.txt;6 September 2013
16 October 2013
inflation-targeting-in-practice.txt;12 March 2005
inflation-targeting-learning-the-lessons-from-the-financial-crisis.txt;23 June 2009
inflation-targeting-the-uk-experience.txt;1 October 2003
insights-into-the-future-of-cash.txt;13 June 2017
institute-of-chartered-accountants-dinner.txt;28 March 2000
institutions-for-macroprudential-regulation-the-uk-and-the-us.txt;17 April 2014
insurance-stability-and-the-uks-new-regulatory-architecture.txt;13 March 2012
insurance-supervision-at-the-pra.txt;20 March 2017
interest-rate-changes-too-many-or-too-few.txt;20 March 2007
interest-rates-and-the-uk-economy-a-policy-for-all-seasons.txt;11 October 1999
internal-audit-and-supervisory-expectations-building-on-progress.txt;3 February 2016
international-capital-standards-for-insurers.txt;5 November 2015
international-financial-law-reviews-regulatory-contribution-award.txt;22 MARCH 2012
international-financial-regulation-and-stability.txt;8 March 2002
international-monetary-stability-can-the-imf-make-a-difference.txt;1 November 2006
1 November 2006
international-trade-global-supply-chains-and-monetary-policy-speech-annex.txt;25 October 2021
international-trade-global-supply-chains-and-monetary-policy-speech-by-silvana-tenreyro.txt;25 October 2021
interpreting-the-yield-curve-warning-or-opportunity.txt;22 May 2015
introduction-to-the-open-forum.txt;11 November 2015
investing-in-capital-markets.txt;28 October 2015
investing-in-change-the-reform-of-europes-financial-markets.txt;1 February 2012
investing-in-ethnicity-and-race-speech-by-mark-carney.txt;28 March 2019
investment-and-uncertainty-the-value-of-waiting-for-news-speech-by-ben-broadbent.txt;20 May 2019
investors-speak-now-or-forever-hold-your-peace.txt;9 October 2012
iran-invest-2000-conference.txt;28 September 2000
is-all-economics-local-speech-by-andy-haldane.txt;7 May 2019
is-inflation-dead.txt;17 December 1999
it-pays-to-be-paranoid-the-importance-of-fiscal-space.txt;30 November 2017
its-not-easy-being-green-but-that-shouldnt-stop-us-speech-by-andrew-hauser.txt;21 May 2021
its-time-to-talk-about-money-speech-by-jon-cunliffe.txt;28 February 2020
jane-austens-house-museum-remarks-by-mark-carney.txt;24 July 2013
japan-can-and-will-be-a-normal-economy-again-speech-by-adam-posen.txt;13 April 2011
join-the-revolution-why-it-makes-business-sense-to-move-on-from-libor-speech-by-andrew-hauser.txt;27 June 2019
keeping-the-party-under-control.txt;1 July 2004
keeping-up-with-fast-markets.txt;6 October 2017
key-issues-for-uk-monetary-policy-speech-by-andrew-sentance.txt;26 April 2011
keynote-address-at-swiftuk-regional-conference.txt;25 May 1999
labours-share.txt;12 November 2015
lags-trade-offs-and-the-challenges-facing-monetary-policy-speech-by-ben-broadbent.txt;6 December 2021
lambda.txt;16 January 2017
last-orders-calling-time-on-libor-speech-by-dave-ramsden.txt;5 June 2019
last-resort-lending-market-making-and-capital.txt;28 May 2009
leading-the-way-towards-sustainable-economic-growth.txt;14 May 1999
learning-from-the-financial-crisis.txt;19 November 2008
less-cash-but-not-cashless-speech-by-sarah-john.txt;8 April 2019
lessons-in-lobbying-remarks-by-robert-jenkins.txt;22 November 2011
lessons-on-unconventional-monetary-policy-from-the-uk-speech-by-charles-bean.txt;25 February 2011
let-it-grow-how-monetary-policy-can-support-sustainable-economic-growth-speech-by-andrew-sentance.txt;22 March 2011
lets-make-a-deal.txt;10 July 2012
lets-talk-about-negative-interest-rates-speech-by-silvana-tenreyro.txt;11 January 2021
leverage-and-monetary-policy-speech-by-david-miles.txt;12 Oct 2010
libor entering the endgame - speech by andrew bailey.txt;13 July 2020
light-is-therefore-colour-governor-remarks-at-the-new-20-launch.txt;10 October 2019
limits-of-monetary-policy.txt;8 September 2012
liquidity-matters.txt;11 February 2015
liquidity-support-from-the-boe-the-discount-window-facility.txt;29 March 2012
london-money-and-the-uk-economy.txt;26 June 2007
looking-after-our-money-speech-by-jon-cunliffe.txt;26 February 2018
looking-both-ways.txt;10 July 2017
looking-out-for-the-policyholder-speech-by-sam-woods.txt;27 February 2018
low-interest-rates-king-midas-golden-touch.txt;24 February 2015
lse-panel-on-the-global-economic-crisis-meeting-the-challenge.txt;17 February 2009
lunch-2000.txt;26 January 2000
macro-and-mircoprudential-supervision-speech-by-paul-tucker.txt;29 June 2011
macro-asset-price-and-financial-uncertainties.txt;11 December 2006
macro-economy-and-quantitative-easing.txt;2 July 2009
macroeconomic-policy-responses-in-the-uk.txt;29 January 2009
macroeconomic-policy-rules-in-theory-and-in-practice.txt;19 September 2002
macroprudential-policy-building-financial-stability-institutions-speech-by-paul-tucker.txt;14 April 2011
macroprudential-policy-for-insurers.txt;22 November 2016
22 September 2016
macroprudential-policy-from-tiberius-to-crockett-and-beyond.txt;28 July 2015
macroprudential-policy-implementation-and-effectiveness.txt;27 April 2016
maintaining-financial-stability-in-a-rapidly-changing-world.txt;10 October 2001
making-banks-resolvable-the-key-to-making-resolution-work-speech-by-andrew-gracie.txt;4 December 2017
making-impactful-change-speech-by-anna-sweeney.txt;19 June 2019
making-markets-fair-and-effective.txt;27 October 2014
making-resolution-work-in-europe-and-beyond-the-case-for-gone-concern-loss.txt;17 July 2014
making-the-most-of-doing-more.txt;11 June 2012
managing-a-bank-specific-crisis-a-uk-perspective.txt;26 October 2006
managing-cyber-risk-the-global-banking-perspective.txt;10 June 2014
managing-global-finance-as-a-system.txt;29 October 2014
managing-machines-the-governance-of-artificial-intelligence-speech-by-james-proudman.txt;4 June 2019
managing-risk-in-a-soft-market.txt;21 September 2016
managing-the-central-banks-balance-sheet.txt;28 July 2004
mansion-house-dinner-mervyn-king.txt;20 June 2007
mansion-house.txt;14 June 2012
mark-carney-speech-at-the-lord-mayors-banquet-for-bankers-and-merchants-of-the-city-of-london.txt;12 June 2014
mark-carney-speech-at-the-trades-union-congress.txt;9 September 2014
market-based-finance-a-macroprudential-view-speech-by-jon-cunliffe.txt;9 February 2017
market-finance-and-financial-stability-will-the-stretch-cause-a-strain-speech-by-alex-brazier.txt;1 February 2018
market-functioning.txt;24 January 2017
market-liquidity-and-market-based-financing.txt;22 October 2015
martin-taylor-speech-at-the-institute-of-international-monetary-research.txt;7 November 2017
measuring-recession-and-recovery-speech-by-charles-bean.txt;27 October 2010
meeting-the-challenges-of-a-changing-world-the-view-from-the-pra.txt;9 July 2013
meeting-the-challenges-of-economic-recovery.txt;10 June 2009
mensch-tracht-und-gott-lacht-giving-guidance-on-future-monetary-policy.txt;30 September 2014
mervyn-king-address-to-the-2010-trades-union-congress-manchester.txt;15 September 2010
mervyn-king-at-iod-south-west-and-the-cbi.txt;22 January 2008
mervyn-king-at-the-best-of-black-country-awards.txt;16 November 2006
mervyn-king-cbi-dinner.txt;11 June 2007
mervyn-king-cbi-iod-speech.txt;21 October 2008
mervyn-king-dinner-at-salts-mill.txt;13 June 2005
mervyn-king-dinner-for-kent-business-contacts.txt;16 January 2006
mervyn-king-great-hall-winchester.txt;10 October 2006
mervyn-king-jackson-hole-symposium.txt;27 August 2005
mervyn-king-mansion-house.txt;21 June 2006
mervyn-king-northern-ireland-chamber-of-commerce-and-industry.txt;9 October 2007
mervyn-king-scottish-financial-enterprise-dinner.txt;12 June 2006
mervyn-king-speech-at-the-grand-hotel-brighton.txt;24 January 2012
mervyn-king-speech-at-the-university-of-exeter.txt;19 January 2010
mervyn-king-speech-to-bank-of-israel.txt;31 March 2008
mervyn-king-speech-to-scottish-business-organisations.txt;20 October 2009
mervyn-king-speech-to-the-south-wales-chamber-of-commerce.txt;23 October 2012
mervyn-king-to-cbi-dinner.txt;20 January 2009
michael-saunder-some-monetary-policy-options-if-more-support-is-needed.txt;4 December 2020
microprudential-macroprudential-and-monetary-policy.txt;1 October 2014
mismatch-speech-by-ben-broadbent.txt;22 July 2021
model-use-and-misuse-speech-by-david-rule.txt;14 May 2019
models-in-macroeconomics-speech-by-silvana-tenreyro.txt;4 June 2018
monetary-and-financial-stability-and-the-invasion-of-ukraine-speech-by-jon-cunliffe.txt;04 April 2022
monetary-and-macro-prudential-policies-the-case-for-a-separation-of-powers-speech-by-ben-broadbent.txt;12 April 2018
monetary-challenges-in-a-new-economy.txt;12 October 2000
monetary-ease-and-global-rebalancing-speech-by-adam-posen.txt;26 October 2010
monetary-policy-a-perpetual-dilemma.txt;14 October 2002
monetary-policy-adapting-to-a-changed-world-speech-by-gertjan-vlieghe.txt;15 October 2019
monetary-policy-addressing-the-uncertainties.txt;20 September 2001
monetary-policy-after-the-fall-speech-by-charles-bean.txt;28 August 2010
monetary-policy-and-asset-prices.txt;22 September 1999
monetary-policy-and-banking-fragility-speech-by-david-miles.txt;27 July 2011
monetary-policy-and-debt-sustainability.txt;23 September 2009
monetary-policy-and-financial-dislocation-speech-by-david-miles.txt;10 October 2011
monetary-policy-and-financial-stability-speech-by-david-miles.txt;14 July 2010
monetary-policy-and-financial-stability.txt;21 May 2016
monetary-policy-and-forward-guidance-in-the-uk.txt;24 September 2013
monetary-policy-and-manufacturing-industry.txt;29 March 2000
monetary-policy-and-monetary-policy-making.txt;17 May 2013
monetary-policy-and-open-questions-in-international-macroeconomics.txt;28 October 2019
monetary-policy-and-the-boes-balance-sheet-speech-by-gertjan-vlieghe.txt;23 April 2020
monetary-policy-and-the-current-recession.txt;24 February 2009
monetary-policy-and-the-damaged-economy.txt;24 May 2012
monetary-policy-and-the-exchange-rate.txt;18 April 2000
18 April 2000
monetary-policy-and-the-financial-system.txt;2 April 2008
monetary-policy-and-the-supply-side.txt;15 March 2000
monetary-policy-as-the-output-gap-closes-speech-by-michael-saunders.txt;31 August 2017
monetary-policy-asset-prices-and-distribution.txt;23 October 2014
monetary-policy-challenges-facing-a-new-mpc-member.txt;16 September 2005
monetary-policy-data-uncertainty-and-the-supply-side.txt;15 September 2004
monetary-policy-demand-and-inflation.txt;31 January 2006
monetary-policy-expectations-and-long-term-interest-rates.txt;19 May 2016
monetary-policy-from-end-to-end-define-decide-deliver.txt;20 November 2017
monetary-policy-in-a-changing-economy.txt;18 January 2013
monetary-policy-in-a-weak-economy-speech-by-martin-weale.txt;25 November 2011
monetary-policy-in-an-uncertain-economy.txt;10 December 2014
monetary-policy-in-an-uncertain-world.txt;22 February 2005
monetary-policy-in-extraordinary-times-speech-by-david-miles.txt;23 February 2011
monetary-policy-in-the-intangible-economy.txt;11 February 2020
monetary-policy-in-the-uk-challenges-ahead.txt;23 April 2002
monetary-policy-in-the-uk.txt;21 March 2005
monetary-policy-in-turbulent-times.txt;21 April 2009
monetary-policy-issues-past-present-future.txt;19 June 2002
monetary-policy-making-and-forward-guidance.txt;15 November 2013
monetary-policy-making-fact-and-fiction.txt;24 May 2005
monetary-policy-many-targets-many-instruments-where-do-we-stand.txt;16 April 2013
monetary-policy-navigating-rough-waters.txt;21 June 2012
monetary-policy-one-year-on.txt;28 October 2014
monetary-policy-practice-ahead-of-theory.txt;17 May 2005
17 May 2005
monetary-policy-significant-issues-of-tdau.txt;1 December 2005
monetary-policy-stability-and-structural-change.txt;1 March 2005
monetary-policy-sticking-to-the-basics.txt;24 September 2008
monetary-policy-theory-in-practice.txt;7 January 2000
monetary-policy-with-a-steady-hand-speech-by-huw-pill.txt;9 February 2022
monetary-stability-as-a-foundation-for-sustained-growth.txt;14 March 2001
monetary-strategy-and-prospects.txt;24 September 2013
money-and-credit-banking-and-the-macroeconomy.txt;13 December 2007
money-and-credit-twelve-months-on.txt;12 September 2008
money-banks-and-quantitative-easing.txt;30 September 2009
moonwalking-bears-and-underwater-icebergs-hidden-risks-in-markets-speech-by-alex-brazier-slides.txt;26 April 2018
moonwalking-bears-and-underwater-icebergs-hidden-risks-in-markets-speech-by-alex-brazier.txt;26 April 2018
mortgages-and-housing-in-the-near-and-long-term-speech-by-david-miles.txt;31 March 2011
mortgages-housing-and-monetary-policy-what-lies-ahead-speech-by-david-miles.txt;22 November 2011
mpc-in-the-dock-speech-by-spencer-dale.txt;24 March 2011
mpc-two-years-on.txt;17 May 1999
17 May 1999
much-ado-about-something-important-how-do-exchange-rate-movements-affect-inflation.txt;11 September 2015
my-reflections-on-the-fpcs-strategy-speech-by-anil-kashyap.txt;28 March 2019
national-association-of-pension-funds-annual-investment-conference.txt;19 March 2004
national-balance-sheet-and-macro-policy-lessons-from-the-past.txt;28 February 2012
national-council-of-building-material-producers.txt;21 October 1998
navigating-the-economy-through-the-covid-crisis-speech-by-dave-ramsden.txt;14 July 2021
negative-inflation-the-implications-for-monetary-policy.txt;11 June 2015
new-economy-new-finance-new-bank-speech-by-mark-carney.txt;21 June 2018
new-economy-same-old-problems.txt;7 November 2000
new-markets-and-new-demands-challenges-for-central-banks-in-the-wholesale-market-infrastructure.txt;12 November 2007
new-prospects-for-money-speech-by-andrew-bailey.txt;10 July 2023
new-trends-in-a-new-economy.txt;15 March 2000
new-york-fed-conference-defining-the-objectives-and-goals-of-supervision.txt;18 March 2016
no-country-is-an-island.txt;21 February 2001
nominal-income-targets-an-old-wine-in-a-new-bottle.txt;27 February 2013
not-that-70s-show-speech-by-adam-posen-presentation.txt;27 June 2011
nurturing-resilience-to-the-financial-cycle.txt;19 October 2015
oil-price-falls-what-consequences-for-monetary-policy.txt;10 March 2015
on microscopes and telescopes - charts - speech by andy haldane.txt;27 March 2015
on-being-the-right-size.txt;25 October 2012
on-microscopes-and-telescopes.txt;27 March 2015
on-returning-inflation-back-to-target-speech-by-catherine-l-mann.txt;21 January 2022
once-one-starts-thinking-about-exchange-rates.txt;15 December 2016
one-bank-research-agenda-launch-conference.txt;25 February 2015
one-car-two-car-red-car-blue-car.txt;2 December 2016
one-mission-one-bank-promoting-the-good-of-the-people-of-the-uk-press-conference-transcript.txt;18 March 2014
one-mission-one-bank-promoting-the-good-of-the-people-of-the-uk-q-and-a-transcript.txt;18 March 2014
18 March 2014
one-mission-one-bank-promoting-the-good-of-the-people-of-the-uk.txt;18 March 2014
opening-remarks-at-future-forum-2017.txt;16 November 2017
opening-remarks-at-the-10-launch.txt;18 July 2017
opening-remarks-at-the-5-note-launch.txt;2 June 2016
opening-remarks-at-the-boe-independence-20-years-on-conference.txt;28 September 2017
opening-remarks-at-the-launch-of-the-ai-public-private-forum-speech-by-dave-ramsden.txt;12 October 2020
opening-remarks-by-mark-carney-at-the-econome-launch-event.txt;27 April 2018
opening-remarks-by-mark-carney-to-the-empowering-productivity-harnessing-the-talents.txt;22 March 2016
opening-statement-at-the-european-parliaments-econ-committee.txt;7 December 2015
openness-and-integration-speech-by-dave-ramsden.txt;27 October 2019
operational-resilience-a-progress-report-speech-by-nick-strange.txt;14 May 2019
operational-resilience-in-financial-services-time-to-act-speech-by-lyndon-nelson.txt;5 June 2019
out-and-proud-a-note-worthy-cause-speech-by-sarah-breeden.txt;25 July 2019
overcoming-macroprudential-inertia-an-ambush-and-the-votes-that-never-were-speech-by-martin-taylor.txt;21 June 2019
panel-on-eu-us-cooperation.txt;26 January 2004
pass-through-of-bank-rate-to-household-interest-rates-speech-by-michael-saunders.txt;6 March 2019
patience-and-finance-speech-by-andrew-haldane.txt;2 September 2010
patterns-of-work-across-the-oecd.txt;30 May 2006
paul-tucker-discussant-remarks.txt;31 July 2008
pay-and-productivity-the-next-phase.txt;22 June 2015
pay-power-speech-by-andy-haldane.txt;10 October 2018
payments-a-platform-for-innovation-speech-by-victoria-cleland.txt;24 September 2019
payments-after-the-covid-crisis-emerging-issues-and-challenges-speech-christina-segal-knowles.txt;11 June 2020
payments-diversity-matters-speech-by-victoria-cleland.txt;5 June 2019
pension-funds-and-quantitative-easing.txt;23 May 2012
perspectives-on-current-monetary-policy.txt;27 November 2006
policy-dilemmas.txt;19 February 2008
policy-making-at-the-bank-of-england-the-financial-policy.txt;12 March 2012
policy-panel-investment-and-growth-in-advanced-economies.txt;28 June 2017
policy-priorities-for-prudential-regulation-and-supervision.txt;2 December 2015
positive-externalities-speech-by-martin-taylor.txt;7 February 2019
post-crisis-reforms-the-lessons-of-balance-sheets.txt;27 January 2016
poverty-and-worklessness-in-britain.txt;8 April 2003
pra-solvency-2-countdown-to-implementation-david-rule.txt;17 October 2014
pra-solvency-2-countdown-to-implementation-paul-fisher.txt;17 October 2014
practical-issues-in-preparing-for-the-cross-border-financal-crises.txt;13 November 2006
practical-issues-in-uk-monetary-policy-2000-2005.txt;20 September 2005
price-and-monetary-policy-transmission-globalised-economy-speech-by-swati-dhingra-appendix.txt;13 June 2023
58 to 2023
price-and-monetary-policy-transmission-globalised-economy-speech-by-swati-dhingra.txt;13 June 2023
pricing-for-perfection.txt;14 December 2006
productivity-and-monetary-policy-speech-by-spencer-dale.txt;21 September 2011
productivity-and-the-allocation-of-resources.txt;12 September 2012
productivity-puzzles.txt;20 March 2017
progress-on-prudential-regulation-and-three-areas-to-complete.txt;22 October 2015
promoting-a-prudent-and-stable-financial-system-speech-by-andrew-bailey.txt;24 November 2011
promoting-financial-system-resilience-in-modern-global-capital-markets-some-issues.txt;29 June 2007
property-and-the-economy.txt;29 April 2002
property-booms-stability-and-policy.txt;12 June 2012
prospects-for-global-economic-recovery-speech-by-andrew-sentence.txt;18 March 2010
prospects-for-monetary-policy-speech-by-spencer-dale.txt;13 December 2011
prospects-for-supply-growth-in-western-europe.txt;12 October 2015
prospects-for-the-british-economy-after-the-financial-storm.txt;16 November 2009
prospects-for-the-uk-economy-and-challenges-for-monetary-policy.txt;13 October 2008
prudential-bank-regulation-present-and-future-speech-by-vicky-saporta.txt;4 July 2018
prudential-regulation-challenges-for-the-future.txt;4 October 2012
prudential-regulation-risk-management-and-systemic-stability.txt;20 October 2006
putting-the-right-ideas-into-practice.txt;25 September 2014
putting-up-a-fence.txt;16 June 2017
puzzles-in-todays-economy-the-build-up-of-household-debt.txt;23 March 2004
quantitative-easing-and-interim-report.txt;13 October 2009
quantitative-easing-and-the-economic-outlook.txt;21 February 2012
quantitative-easing-quantitative-tightening-speech-silvana-tenreyro.txt;04 April 2023
quantitative-tightening-speech-by-dave-ramsden.txt;19 July 2023
real-interest-rates-and-risk.txt;15 September 2017
real-time-gross-settlement-rtgs-renewal-enabling-the-next-generation-of-payments.txt;25 September 2018
realigning-private-and-public-interests-in-wholesale-financial-markets-the-femr.txt;29 January 2015
rebalancing-and-the-real-exchange-rate-speech-by-ben-broadbent.txt;26 September 2011
rebalancing-the-supply-side-of-the-uk-economy.txt;20 March 2012
rebalancing.txt;29 May 2013
rebuilding-confidence-in-the-financial-system.txt;28 October 2008
rebuilding-trust-through-the-fx-global-code-reasons-for-optimism.txt;21 September 2016
recent-development-and-challenges-in-the-foreign-exchange-market.txt;21 November 2002
recent-developments-in-central-banking.txt;14 October 1999
recent-developments-in-financial-markets.txt;9 March 2001
recent-developments-in-securities-markets-implications-for-financial-stability.txt;21 February 2001
recent-developments-in-the-sterling-monetary-framework-speech-by-paul-fisher.txt;30 March 2011
recent-developments-in-the-uk-economy-the-economics-of-walking-about.txt;30 May 2007
recent-developments-in-the-uk-labour-market.txt;26 February 2007
recent-developments-in-uk-monetary-policy-slides-huw-pill.txt;31 August 2023
recent-experiences-macroeconomic-forecasting-slides-huw-pill.txt;28 June 2023
recent-uk-monetary-policy-in-a-changing-economy-speech-by-jonathan-haskel.txt;13 November 2022
recovery-and-resolution-plans.txt;17 November 2009
redeeming-an-unforgiving-world.txt;26 February 2016
reflecting-diversity-choosing-the-inclusion.txt;9 February 2017
reflecting-on-solvency-2-continuity-and-change.txt;2 June 2015
reflections-on-defi-digital-currencies-and-regulation-speech-by-jon-cunliffe.txt;21 November 2022
reflections-on-leadership-in-a-disruptive-age-speech-by-mark-carney.txt;19 February 2018
reflections-on-my-first-four-votes-on-the-mpc.txt;27 September 2006
reflections-on-operating-inflation-targeting.txt;25 May 2006
reflections-on-the-fpc-the-road-ahead.txt;14 May 2015
reform-of-the-international-monetary-fund.txt;20 February 2006
reforming-the-international-financial-system-the-middle-way.txt;9 September 1999
9 September 1999
regimes-for-handling-bank-failures-redrawing-the-banking-social-contract.txt;30 June 2009
regulating-international-banks.txt;17 October 2013
regulation-and-the-future-of-the-insurance-industry.txt;22 January 2015
regulation-for-financial-stability-the-essentials.txt;7 April 2017
regulators-financial-industry-and-the-problem-of-regulatory-capture.txt;25 September 2012
regulatory-reform-and-returns-in-banking.txt;20 October 2014
regulatory-reform-its-possible-market-consequences-and-the-case-of-securities.txt;6 November 2014
regulatory-work-underway-and-lessons-learned.txt;12 October 2014
reliable-partners-ben-broadbent-technical-appendix.txt;30 March 2022
remarks-at-the-accounting-for-sustainability-summit-2018.txt;21 November 2018
remarks-at-the-alastair-ross-goobey-memorial-lecture.txt;26 April 2016
remarks-at-the-opening-of-matthew-boulton-seeling-what-all-the-world-desires.txt;29 May 2009
remarks-at-the-opening-of-the-innovia-clarity-c-film-line.txt;6 November 2015
remarks-by-andrew-bailey-cop-26.txt;3 November 2021
remarks-by-chris-salmon-on-the-smf-annual-report.txt;13 July 2015
remarks-by-jonathan-haskel-on-covid-19-and-monetary-policy.txt;1 July 2020
remarks-by-mark-carney-at-the-ecb-farewell-board-dinner-for-benoit-coeure.txt;17 December 2019
remarks-by-mark-carney-at-the-us-climate-action-centre-madrid.txt;10 December 2019
remarks-by-paul-tucker-at-the-european-commissions-conference-on-crisis-management.txt;19 March 2010
remarks-by-paul-tucker-at-the-institute-of-economic-affairs-27th-annual-conference.txt;23 February 2010
remarks-by-robert-jenkins-at-the-cfa-institute.txt;2 November 2011
remarks-given-as-a-discussant-of-passthrough-efficiency-in-the-feds-new.txt;26 August 2016
remarks-given-at-the-first-meeting-of-the-working-group-on-risk-free-reference-rates.txt;18 March 2015
remarks-given-at-the-launch-of-the-public-consultation-for-the-code-of-conduct.txt;25 February 2013
remarks-given-by-mark-carney-at-davos-cbi-british-business-leaders-lunch.txt;24 January 2014
remarks-given-by-mark-carney-governor-regarding-polymer-notes-and-the-review-of-the-banknote-charact.txt;18 December 2013
remarks-given-by-martin-taylor.txt;21 October 2013
remarks-given-during-the-un-secretary-generals-climate-actions-summit-2019-mark-carney.txt;23 September 2019
22 September 2019
remarks-on-challenges-to-the-economic-outlook-speech-by-jonathan-haskel.txt;5 March 2021
remarks-on-the-launch-of-the-recommendations-of-the-task-force-on-climate-related.txt;14 December 2016
remarks-regarding-polymer-banknotes.txt;10 September 2013
remarks-to-open-policy-panel-by-mark-carney.txt;18 June 2019
remarks-to-the-city-week-conference.txt;10 May 2016
remarks-to-the-london-money-market-association-executive-committee-meeting.txt;24 January 2013
report-on-the-escr-oxford-martin-school-international-macro-symposium.txt;2 October 2012
resilience-and-continuity-in-an-interconnected-and-changing-world-speech-by-lyndon-nelson.txt;13 June 2018
resilience-and-innovation-in-post-trade-speech-by-dave-ramsden.txt;8 May 2019
resilience-three-lessons-from-the-financial-crisis-speech-by-dave-ramsden.txt;30 May 2019
resolution-a-progress-report.txt;3 May 2012
resolution-and-future-of-finance.txt;20 May 2013
resolution-in-context-the-policy-drivers-of-the-new-paradigm.txt;8 December 2014
resolution-through-the-lens-of-corporate-restructuring.txt;5 June 2012
resolving-the-climate-paradox.txt;22 September 2016
responding-to-leaps-in-payments-from-unbundling-to-stablecoins-speech-by-christina-segal-knowles.txt;22 January 2020
rethinking-financial-stability.txt;12 October 2017
rethinking-the-financial-network.txt;28 April 2009
risk-around-the-forecast.txt;22 January 2015
risk-management-in-a-sluggish-economy-speech-by-michael-saunders.txt;15 January 2020
risk-off-speech-by-andrew-haldane.txt;18 August 2011
risk-sensitivity-and-the-new-basel-accord.txt;10 April 2001
risk-transfer-and-the-risks-it-creates-a-prudential-regulatory-perspective.txt;28 April 2016
risk-uncertainty-and-monetary-policy-regimes.txt;29 January 2004
risk-uncertainty-and-monetary-policy.txt;31 October 2007
risks-to-the-commercial-property-market-and-financial-stability.txt;30 November 2006
rouge-impair-manque-reflections-on-accounting-standards-speech-by-martin-taylor.txt;13 February 2020
roy-bridge-memorial-lecture.txt;1 April 1998
royal-economic-society-public-lecture.txt;18 November 2008
run-lola-run-the-good-the-bad-and-the-ugly-of-fx-market-fragmentation-speech-by-andrew-hauser.txt;13 September 2019
running-out-of-room-revisiting-the-3d-perspective-on-low-interest-rates-speech-by-gertjan-vlieghe.txt;26 July 2021
scanning-the-horizon-speech-by-sam woods.txt;24 May 2019
science-and-banknotes-speech-by-sarah-john.txt;16 July 2019
scottish-engineering-senior-executive-dinner.txt;24 August 2000
sea-change-speech-by-mark-carney.txt;2 July 2019
seanza-governors-symposium.txt;26 August 2000
securing-success-for-the-fx-global-code.txt;12 September 2017
seizing-the-opportunities-from-digital-finance-speech-by-andy-haldane.txt;18 November 2020
seperating-fact-from-fiction-household-balance-sheets-and-the-economic-outlook.txt;24 September 2009
setting-standards-remarks-by-dave-ramsden.txt;6 December 2018
setting-uk-monetary-policy-in-a-global-context-speech-by-andrew-sentance.txt;24 January 2011
seven-awkward-questions-speech-by-sam-woods.txt;17 January 2019
seven-lessons-from-the-last-three-years.txt;19 February 2009
seven-moments-in-spring-covid-19-speech-by-andrew-hauser.txt;4 June 2020
shadow-banking-financing-markets-and-financial-stability-speech-by-paul-tucker.txt;21 January 2010
shadow-banking-thoughts-for-a-possible-policy-agenda.txt;27 April 2012
shifting-balance-of-risks-speech-by-michael-saunders.txt;27 September 2019
shining-a-light-in-the-shadows.txt;21 June 2012
shocks-uncertainty-and-the-monetary-policy-response-speech-by-dave-ramsden.txt;22 February 2022
silvana-tenreyro-response-to-the-covid-19-pandemic-slides.txt;26 March 2021
simple-transport-and-comparable-securitisation.txt;17 June 2015
six-months-on-the-mpc-a-reflection-on-monetary-policy.txt;9 December 2002
slack-and-the-labour-market.txt;20 March 2014
slack-pricing-pressures-and-the-outlook-for-policy.txt;1 April 2014
29 April 2014
slides-for-mark-carney-speech-at-public-policy-forum-toronto.txt;12 April 2018
slides-returning-inflation-to-target-speech-by-huw-pill.txt;6 July 2022
small-is-beautiful-but-big-is-necessary.txt;28 September 2016
small-lessons-from-a-big-crisis.txt;8 May 2009
solvency-2-a-turning-point.txt;12 December 2013
solvency-2-approaching-the-try-line.txt;3 November 2015
solvency-2-one-year-in.txt;21 February 2017
solving-too-big-to-fail-where-do-things-stand-on-resolution.txt;12 October 2013
some-current-issues-in-uk-monetary-policy.txt;28 October 2008
some-effects-of-demographic-change-on-the-uk-economy.txt;22 November 2018
some-lessons-for-monetary-policy-from-the-recent-financial-turmoil.txt;22 November 2008
some-problems-facing-the-mpc.txt;10 October 2000
some-reflections-on-the-mpc.txt;21 May 2001
sovereign-wealth-funds-and-global-imbalances.txt;14 March 2008
spare-capacity-and-inflation.txt;18 June 2014
speech given by catherine l mann at the lmfalussy lectures conference on monday 6 february 2023.txt;06 February 2023
speech-appendix-michael-saunders-some-reflections-on-monetary-policy-past-present-and-future.txt;18 July 2022
speech-by-andrew-bailey-to-bsa-annual-conference.txt;5 MAY 2011
speech-by-mervyn-king-at-the-black-country-chamber-of-commerce-west-midlands.txt;19 October 2010
speech-by-mervyn-king-at-the-civic-centre-newcastle.txt;25 January 2011
speech-by-mervyn-king-at-the-lord-mayors-banquet-at-mansion-house.txt;15 June 2011
speech-by-mervyn-king-to-the-institute-of-directors-st-georges-hall-liverpool.txt;18 October 2011
speech-by-mervyn-king.txt;22 January 2013
stability-agility-opportunity-speech-by-alex-brazier.txt;2 September 2019
stability-and-change.txt;20 July 2006
stability-and-statistics.txt;23 November 2004
stability-instability-and-monetary-policy.txt;12 March 2009
stablecoins-whats-old-is-new-again-speech-by-christina-segal-knowles.txt;10 June 2021
staying-connected-speech-by-mark-carney.txt;24 May 2018
sticky-inflation.txt;12 December 2012
stock-take-of-global-cyber-security-regulatory-initiatives-speech-by-lyndon-nelson.txt;5 December 2018
strengthening-regimes-for-controlling-liquidity-risk-some-lessons-from-the-recent-turmoil.txt;24 April 2008
stress-tests-a-policymakers-perspective.txt;5 February 2020
stress-tests-and-the-countercyclical-capital-buffer-the-uk-experience-speech-by-donald-kohn.txt;4 September 2019
strong-and-simple-speech-by-sam-woods.txt;12 November 2020
stuck.txt;30 June 2015
stylish-regulation-speech-by-sam-woods.txt;16 May 2019
supply-and-demand-during-and-after-the-pandemic-speech-by-michael-saunders.txt;26 March 2021
supply-matters-speech-by-andrew-bailey-at-lse.txt;27 March 2023
sustaining-the-recovery.txt;10 March 2014
tackling-climate-for-real-the-role-of-central-banks-speech-by-andrew-bailey.txt;1 June 2021
tails-of-the-unexpected.txt;8 June 2012
taking-the-long-view-how-market-based-finance-can-support-stability.txt;28 March 2014
taming-international-banks-time-for-some-new-tricks.txt;22 March 2016
tcfd-strengthening-the-foundations-of-sustainable-finance-speech-by-mark-carney.txt;08 October 2019
technological-innovation-and-e-commerce.txt;19 June 2000
telling-tails-of-oil-and-global-inflation.txt;21 May 2015
ten-months-after-the-eu-referendum-how-is-the-economy-doing.txt;21 April 2017
ten-years-on-lessons-from-northern-rock.txt;29 September 2017
that-was-the-year-that-was-speech-by-dave-ramsden.txt;24 November 2022
the-age-of-asset-management.txt;4 April 2014
the-asian-crisis-lessons-for-crisis-management-and-prevention.txt;15 August 1999
the-balance-of-growth.txt;17 January 2014
the-balance-of-payments.txt;16 February 2013
the-bank-and-benchmark-reform-speech-by-chris-salmon.txt;6 July 2017
the-bank-and-the-banks.txt;18 October 2012
the-bank-of-england-open-to-fintech-speech-by-dave-ramsden.txt;22 March 2018
the-bank-of-englands-balance-sheet.txt;19 November 2009
the-basel-accord-systemic-issues.txt;2 December 1999
the-beveridge-curve-unemployment-and-wages-in-the-oecd.txt;3 June 2001
the-big-fish-small-pond-problem-speech-by-andrew-haldane.txt;9 April 2011
the-boe-a-central-bank-post-independence.txt;14 November 2000
the-boe-approach-to-stress-testing-the-uk-banking-system.txt;30 October 2015
the-boe-role-in-monetary-and-financial-stability.txt;19 October 2001
the-boes-approach-to-operational-resilience.txt;13 June 2017
the-boes-court-dinner-at-the-eden-project.txt;12 October 2004
the-boes-fintech-accelerator-what-have-we-done-and-what-have-we-learned.txt;6 October 2017
the-boes-perspective-on-ccp-risk-management-recovery-and-resolution-arrangements.txt;24 November 2014
the-british-american-chamber-of-commerce-lunch.txt;22 January 1998
the-british-recovery-in-international-comparison-speech-by-adam-posen.txt;30 June 2010
the-budget-of-1981-was-over-the-top.txt;13 March 2006
the-capital-adequacy-of-banks-todays-issues-and-what-we-have-learned-from-the-past.txt;10 July 2014
the-capital-conundrum-speech-by-robert-jenkins.txt;19 October 2011
the-cardiff-business-club-dinner.txt;28 February 2000
the-case-for-more-chaps-settlement-banks-speech-by-chris-salmon.txt;5 July 2011
the-cbi-annual-luncheon.txt;25 February 2000
the-central-bank-balance-sheet-as-a-policy-tool-past-present-and-future-speech-by-andrew-bailey.txt;28 August 2020
the-challenges-in-assessing-capital-requirements-for-banks.txt;6 November 2012
the-challenges-of-the-new-global-economy-speech-by-andrew-sentance.txt;25 May 2011
the-changing-face-of-prudential-policy.txt;11 March 2014
the-changing-pattern-of-savings-implications-for-growth-and-inflation.txt;15 March 2007
the-chemical-industries-association-business-outlook-conference-dinner-speech.txt;14 January 1998
the-choice-between-rebalancing-and-living-off-the-future-speech-by-martin-weale.txt;25 August 2011
the-commercial-property-forum-twenty-years-on.txt;18 December 2013
the-contribution-of-the-financial-sector-miracle-or-mirage-speech-by-andrew-haldane.txt;14 July 2010
the-corporate-sector-and-the-bank-of-englands-asset-purchases-speech-by-paul-fisher.txt;18 February 2010
the-corridor-of-uncertainty.txt;18 June 2014
the-creative-economy-speech-by-andy-haldane.txt;22 November 2018
the-credit-crunch-and-the-uk-economy.txt;22 September 2008
the-crisis-management-menu.txt;16 November 2009
the-current-downturn-a-bust-without-a-boom.txt;9 December 2008
the-current-policy-conundrum.txt;24 July 2001
the-dappled-world.txt;10 November 2016
the-dash-for-cash-and-the-liquidity-multiplier-speech-by-anil-kashyap.txt;17 November 2020
the-debate-on-financial-system-resiliance.txt;22 October 2009
the-development-of-the-non-gilt-sterling-bond-market.txt;2 April 2001
the-digital-pound-speech-by-jon-cunliffe.txt;07 February 2023
the-distributional-implications-of-low-structural-interest-rates.txt;18 November 2016
the-diversity-project.txt;8 November 2016
the-economic-impact-of-sterlings-recent-moves.txt;1 October 2014
the-economic-outlook-for-2011-and-beyond-speech-by-charles-bean.txt;13 December 2010
the-economic-outlook-some-remarks-on-monetary-policy-speech-by-paul-fisher.txt;23 May 2011
the-economic-outlook-speech-by-charles-bean-may-2011.txt;19 May 2011
the-economic-outlook-speech-by-charles-bean-nov-2011.txt;3 November 2011
the-economic-outlook-speech-by-gertjan-vlieghe.txt;14 February 2019
the-economic-outlook-speech-by-michael-saunders.txt;10 June 2019
the-economic-outlook.txt;5 October 2016
the-economics-of-currency-unions.txt;29 January 2014
the-economics-of-deflation.txt;27 March 2015
the-economy-and-policy-trade-offs-speech-by-silvana-tenreyro.txt;23 February 2022
the-elusive-supply-potential-monetary-policy-in-times-of-uncertainty.txt;7 March 2019
the-entrepreneurial-economy.txt;9 May 2000
the-euromoney-international-bond-congress.txt;16 February 2000
the-european-union-monetary-and-financial-stability-and-the-boe.txt;21 October 2015
the-evolution-of-insurance-regulation-a-shifting-scope-and-new-frontiers.txt;6 February 2013
the-exchange-rate-and-the-mpc.txt;31 May 2000
the-fall-in-productivity-growth-causes-and-implications.txt;15 January 2018
the-fence-and-the-pendulum.txt;22 May 2015
the-financial-crisis-reform-agenda-speech-by-andrew-bailey.txt;13 July 2010
the-financial-cycle-and-the-uk-economy.txt;18 July 2008
the-financial-policy-committee-at-the-bank-of-england.txt;2 December 2011
the-financial-regulation-reform-agenda-what-has-been-achieved-and-how-much-is-left-to-do.txt;30 September 2015
the-five-ages-of-sterling-man-prospects-for-the-uk-money-market.txt;13 June 2013
the-formation-of-inflation-expectations-an-emperical-analysis-for-the-uk.txt;14 May 2009
the-fpc-of-the-boe-an-experiment-in-macroprudential-management.txt;4 June 2014
the-future-financial-landscape.txt;16 December 2009
the-future-of-banking-regulation-in-the-uk.txt;17 October 2012
the-future-of-financial-reform.txt;17 November 2014
the-future-of-monetary-policy.txt;20 May 2014
the-future-of-money-speech-by-mark-carney.txt;2 March 2018
the-future-of-payments-systems-stability-through-change.txt;25 February 2015
the-future-of-repo-too-much-or-too-little.txt;11 June 2013
the-future-of-uk-banking-challenges-ahead-for-promoting-a-stable-sector.txt;24 May 2012
the-future-of-work-speech-by-mark-carney-slides.txt;14 September 2018
the-future-of-work-speech-by-mark-carney.txt;14 September 2018
the-global-economy-and-uk-inflation.txt;24 September 2007
the-global-outlook-speech-by-mark-carney.txt;12 February 2019
the-grand-unifying-theory-and-practice-of-macroprudential-policy-speech-by-mark-carney-slides.txt;5 March 2020
the-grand-unifying-theory-and-practice-of-macroprudential-policy-speech-by-mark-carney.txt;5 March 2020
the-great-divide.txt;18 May 2016
the-great-moderation-the-panic-and-the-great-contraction.txt;25 August 2009
the-growing-challenges-for-monetary-policy-speech-by-mark-carney.txt;23 August 2019
the-health-wealth-and-happiness-of-nations-slides-by-andy-haldane.txt;24 February 2020
the-high-road-to-a-responsible-open-financial-system.txt;7 April 2017
the-history-and-future-of-qe-speech-by-ben-broadbent.txt;23 July 2018
the-housing-market-and-the-wider-economy.txt;24 January 2005
the-ideal-post-eu-regulatory-framework-speech-by-victoria-saporta.txt;10 March 2020
the-impact-of-leveraged-investors-on-market-liquidity-and-financial-stability-speech-by-jon-cunliffe.txt;12 November 2020
the-impact-of-the-financial-market-disruption-on-the-uk-economy.txt;17 January 2008
the-impact-of-the-internet-on-uk-inflation.txt;23 February 2000
the-impact-of-the-recent-migration-from-eastern-europe-on-the-uk-economy.txt;4 January 2007
the-impact-of-the-us-slowdown-on-the-uk-economy.txt;22 February 2001
the-inflation-outlook-speech-by-michael-saunders.txt;15 July 2021
the-inflation-target-five-years-on.txt;29 October 1997
the-inflation-target-ten-years-on.txt;19 November 2002
the-inflationary-consequences-of-real-shocksspeech-by-ben-broadbent.txt;20 October 2022
the-institutions-of-monetary-policy.txt;12 January 2004
the-interaction-of-monetary-and-macroprudential-policy.txt;10 October 2015
the-interactions-of-macroprudential-and-monetary-policies-a-view-from-the-boes-fpc.txt;6 November 2013
the-international-financial-system-a-new-partnership.txt;9 August 2001
the-international-monetary-system.txt;4 February 2005
the-journey-to-best-in-class-payments-speech-by-david-bailey.txt;28 June 2018
the-labour-market-productivity-and-inflation.txt;21 November 2012
the-labour-market.txt;13 January 2017
the-meaning-of-internal-balance-thirty-years-on.txt;13 July 2007
the-monetary-policy-committee-five-years-on.txt;22 May 2002
the-monetary-policy-toolbox-in-the-uk-speech-by-dave-ramsden.txt;21 October 2020
the-mpc-and-the-uk-economy.txt;25 November 2002
the-mpc-comes-of-age.txt;28 February 2007
the-mpc-some-further-challenges.txt;16 May 2002
the-mpc-ten-years-on.txt;2 May 2007
the-mpcs-forecast-and-the-yield-curve-predictions-versus-promises.txt;18 November 2015
the-mpcs-policy-dilema-slides.txt;03 March 2011
the-mpcs-policy-dilemma-speech-by-charles-bean.txt;3 March 2011
the-new-approach-to-financial-regulation.txt;1 May 2013
the-new-economy-myths-and-realities.txt;20 March 2001
the-new-financial-frontiers.txt;29 April 2008
the-new-solvency-2-landscape.txt;17 February 2016
the-notes-in-your-wallet.txt;7 June 2013
the-outlook-for-countercyclical-macroprudential-policy.txt;10 November 2015
the-outlook-for-financial-regulation-in-the-uk-speech-by-andrew-bailey.txt;10 January 2011
the-outlook-for-inflation-and-monetary-policy-speech-by-michael-saunders.txt;3 December 2021
the-outlook-for-jobs-and-pay-speech-by-michael-saunders.txt;17 January 2018
the-outlook-for-the-uk-economy.txt;24 May 2013
the-path-to-2-per-cent-speech-by-silvana-tenreyro.txt;11 November 2022
the-phillips-curve-lower-flatter-or-in-hiding-speech-by-jon-cunliffe.txt;14 November 2017
the-policy-implications-of-economic-imbalances.txt;23 October 2001
the-potential-long-term-effects-of-covid-speech-by-dave-ramsden.txt;17 November 2020
the-pras-approach-to-enforcement-speech-by-miles-bake.txt;16 July 2019
the-pras-role-in-improving-the-process-that-support-insurers-investment-charlotte-gerken-slides.txt;25 November 2021
the-promise-of-fintech-slides.txt;25 January 2017
the-promise-of-fintech-something-new-under-the-sun.txt;25 January 2017
the-puzzle-of-uk-business-investment.txt;26 September 2006
the-race-to-zero-speech-by-andrew-haldane.txt;8 July 2011
the-realities-and-relevance-of-japans-great-recession-speech-by-adam-posen.txt;24 May 2010
the-recent-performance-of-the-uk-labour-market.txt;4 September 2001
the-reform-of-international-banking-some-remaining.txt;1 October 2013
the-return-of-the-credit-cycle-old-lessons-in-new-markets.txt;27 February 2008
the-revolution-is-over-long-live-the-revolution.txt;26 October 2016
the-road-to-glasgow-speech-by-mark-carney.txt;27 February 2020
the-road-to-recovery-and-the-inflation-target.txt;12 June 2009
the-role-of-deposit-insurance-in-building-a-safer-financial-system.txt;25 October 2012
the-role-of-leverage-ratio-and-the-need-to-monitor-risks-outside-the-regulated-banking-sector.txt;17 July 2014
the-role-of-regulation-in-global-financial-markets.txt;13 July 2000
the-role-of-the-boe-in-the-gold-market.txt;3 June 2003
the-role-of-the-transparency-in-the-development-of-financial-markets.txt;18 May 2000
the-second-quarter-speech-by-andy-haldane.txt;30 June 2020
the-shared-response-to-climate-change-turning-momentum-into-action-speech-by-sarah-breeden.txt;19 March 2018
14 May 2018
the-sneetches.txt;12 May 2016
the-soft-tyranny-of-inflation-expectations-speech-by-adam-posen.txt;22 February 2011
the-spectre-of-monetarism.txt;5 December 2016
the-spirit-of-the-season.txt;9 December 2013
the-state-of-financial-stability-speech-by-jon-cunliffe.txt;2 March 2022
the-state-of-the-building-society-sector-and-the-pras-approach-to-governance.txt;21 May 2015
the-state-of-the-economy.txt;26 February 2008
the-state-of-the-financial-markets-speech-by-paul-fisher-slides.txt;29 June 2011
the-state-of-the-financial-markets-speech-by-paul-fisher.txt;29 June 2011
the-state-of-the-markets-four-issues.txt;9 June 2009
the-stock-market-capacity-uncertainties-and-the-outlook-for-uk-inflation.txt;21 November 2001
the-structure-of-regulation-lessons-from-the-crisis-of-2007.txt;3 March 2008
the-supervisory-approach-of-the-pra-speech-by-andrew-bailey.txt;19 May 2011
the-sustainable-development-goal-imperative.txt;21 April 2016
the-transition-to-a-new-normal-for-monetary-policy.txt;27 February 2014
the-turn-of-the-year.txt;19 January 2016
the-uk-at-the-heart-of-a-renewed-globalisation.txt;24 October 2013
the-uk-bank-resolution-regime.txt;26 November 2009
the-uk-current-account-deficit-and-all-that.txt;25 April 2006
the-uk-current-account-deficit-risky-or-risk-sharing.txt;21 March 2016
the-uk-current-account.txt;29 July 2014
the-uk-economic-outlook.txt;22 October 2013
the-uk-economy-after-the-crisis-monetary-policy-when-it-is-not-so-nice-speech-by-charles-bean.txt;16 March 2010
the-uk-economy-after-the-crisis-monetary-policy-when-it-is-not-so-nice-speech-charts.txt;16 March 2010
the-uk-economy-and-monetary-policy-looking-ahead.txt;27 May 1998
the-uk-economy-and-the-world-economy.txt;26 February 2014
the-uk-economy-post-crisis-a-series-of-unfortunate-events.txt;24 February 2016
the-uk-economy-the-road-ahead.txt;23 April 2013
the-uk-economy-where-now-our-emerging-understanding-of-the-impact.txt;20 December 2016
the-uk-inflaton-outlook-if-this-time-isnt-different-speech-by-adam-posen.txt;16 December 2010
the-uk-payments-landscape.txt;4 November 2013
the-uk-productivity-puzzle-a-sectoral-perspective.txt;19 June 2014
the-uk-productivity-puzzle-an-international-perspective.txt;8 December 2014
the-uks-approach-to-cross-border-clearing-speech-by-christina-segal-knowles.txt;8 November 2021
the-uks-economic-recovery-why-now-will-it-last-and-what-next-for-monetary-policy.txt;13 December 2013
the-uks-inflation-problem-selling-england-by-the-pound-speech-by-andrew-sentance.txt;17 February 2011
the-uks-productivity-growth-challenge.txt;23 February 2018
the-uks-productivity-problem-hub-no-spokes-speech-by-andy-haldane.txt;28 June 2018
the-use-of-business-intelligence-in-monetary-policy.txt;20 November 2014
the-work-of-the-mpc.txt;14 June 2000
the-yield-curve-and-qe-speech-by-gertjan-vlieghe.txt;25 September 2018
thecitys-growth-the-crest-of-a-wave-or-swimming-with-the-stream.txt;26 March 2007
think-global-act-local.txt;24 October 2016
three-principles-for-successful-financial-sector-reform.txt;7 February 2012
three-questions-and-a-forecast.txt;22 November 2001
three-truths-for-finance.txt;21 September 2015
through-the-looking-glass-reform-of-the-international-institutions.txt;21 December 2006
tlac-and-mrel-from-design-to-implementation.txt;17 July 2015
total-loss-absorbing-capacity-the-thinking-behind-the-fsb-term-sheet.txt;4 December 2014
tough-times-unconventional-measures.txt;27 March 2009
towards-a-new-architecture-for-payment-arrangements.txt;24 January 2012
transforming-our-payments-infrastructure-speech-by-victoria-cleland.txt;27 November 2018
treading-carefully.txt;14 December 2015
trends-in-european-labour-markets-and-preferences-over-unemployment-and-inflation.txt;27 September 2007
true-finance-ten-years-after-the-financial-crisis-speech-by-mark-carney.txt;19 October 2018
trusting-in-money-from-kirkcaldy-to-the-mpc.txt;29 October 2006
29 October 2006
turbo-charging-sterling-libor-transition-why-2020-is-the-year-for-action-speech-by-andrew-hauser.txt;26 February 2020
turner-review-conference.txt;27 March 2009
turning-back-the-tide-speech-by-mark-carney.txt;29 November 2017
turning-the-red-tape-tide.txt;10 April 2013
twenty-years-of-boe-independence-the-evolution-of-monetary-policy.txt;5 October 2017
twenty-years-of-inflation-targeting.txt;9 October 2012
twin-peaks.txt;17 October 2014
two-current-monetary-policy-issues.txt;16 September 2003
two-years-on-from-the-march-2013-publication-of-a-review-of-requirements.txt;11 March 2015
uk-business-finance-since-the-crisis-moving-to-a-new-normal.txt;20 October 2015
uk-monetary-policy-good-for-business.txt;10 July 2007
uk-monetary-policy-in-a-changing-world.txt;20 November 2003
uk-monetary-policy-the-international-context.txt;17 October 2005
umbrellas-dont-cause-rain.txt;28 November 2016
uncertain-times.txt;5 October 2016
uncertain-uncertainty-speech-by-martin-weale.txt;29 March 2011
uncertainty-about-uncertainty.txt;23 November 2016
uncertainty-policy-and-financial-markets.txt;24 July 2007
uncertainty-the-economy-and-policy.txt;30 June 2016
uncertainty-the-implementation-of-monetary-policy-and-the-management-of-risk.txt;19 May 2006
unconventional-monetary-policy.txt;8 March 2016
under-the-western-sky-the-crypto-frontier-carolyn-a-wilkins-speech-annex.txt;22 November 2021
understanding-inflation-expectations-and-reality.txt;10 July 2019
understanding-pay-gaps-speech-by-andy-haldane.txt;21 October 2019
unemployment-and-the-conduct-of-monetary-policy-in-the-uk.txt;23 August 2014
unfair-shares.txt;21 May 2014
update and outlook - slides from huw pill.txt;13 April 2023
view-from-the-macroprudential-bridge.txt;20 June 2012
vital-topic-lecture-given-at-the-manchester-business-school.txt;24 February 1998
wages-inflation-and-current-monetary-policy.txt;20 April 2016
walking-the-tightrope-prospects-for-the-uk-economy.txt;17 April 2008
watching-the-watchers-forward-looking-assessment-and-challenge-of-a-central-banks-own-financial-risk.txt;7 March 2017
what-a-difference-a-decade-makes.txt;20 April 2017
what-are-government-bond-yields-telling-us-about-the-economic-outlook-speech-by-gertjan-vlieghe.txt;27 May 2021
what-can-monetary-policy-do.txt;22 January 2015
what-fastes-impose-facing-up-to-uncertainty.txt;1 December 2004
what-has-central-bank-independence-ever-done-for-us-speech-by-andy-haldane.txt;28 November 2020
what-is-left-to-do-on-the-post-crisis-bank-capital-framework.txt;2 March 2015
what-is-the-fpc-for.txt;24 May 2012
what-is-the-right-amount-of-guidance-the-experience-of-the-boe-with-forward-guidance.txt;13 November 2014
what-should-be-done-about-rising-unemployment-in-the-uk.txt;25 February 2009
what-should-monetary-policy-do.txt;21 February 2013
what-the-return-of-19th-century-economics-means-for-21st-century-geopolitics.txt;17 January 2012
what-to-do-when-we-dont-know-policy-making-when-spare-capacity-is-uncertain.txt;15 October 2014
whats-going-on-speech-by-dave-ramsden.txt;7 June 2018
whats-going-on-uncertain-data-and-uncertain-outcomes.txt;13 May 2016
whats-in-a-weeks-work.txt;20 January 2016
when-central-banks-buy-bonds-speech-by-adam-posen.txt;14 June 2010
when-expectations-meet-the-future-speech-by-jon-cunliffe.txt;6 March 2019
when-why-and-whats-next-for-low-inflation-no-magic-slippers-needed.txt;17 June 2015
where-next-for-fixed-income-markets-thriving-in-a-world-of-change-speech-by-rohan-churm.txt;1 March 2019
where-next-for-the-uk-economy.txt;29 October 2008
who-owns-a-company.txt;22 May 2015
whose-recovery.txt;30 June 2016
why-are-interest-rates-low.txt;16 November 2016
why-banks-failed-the-stress-test.txt;13 February 2009
why-central-banks-need-new-tools-for-dealing-with-market-dysfunction-speech-by-andrew-hauser.txt;7 January 2021
why-diverse-markets-need-diverse-talent-speech-by-andrew-hauser.txt;27 June 2019
why-has-inflation-been-so-low-since-1999.txt;27 January 2005
why-institutions-matter-now-more-than-ever.txt;4 September 2013
why-is-inflation-so-low.txt;25 October 2004
why-is-their-recovery-better-than-ours.txt;27 March 2012
why-islamic-finance-has-an-important-role-to-play-in-supporting-the-recovery-from-covid.txt;2 December 2020
why-monetary-stability-matters-to-merseyside.txt;24 February 2005
why-prudential-regulation-matters-speech-by-andrew-bailey.txt;11 October 2011
why-raise-rates-why-limited-and-gradual.txt;20 April 2018
why-the-bank-rate-should-increase-now-speech-by-martin-weale.txt;13 June 2011
why-the-buy-side-should-buy-into-the-fx-global-code-speech-by-andrew-hauser.txt;6 December 2018
why-there-is-life-after-death-four-myths-about-the-future-of-securities.txt;27 March 2014
why-we-need-a-leverage-ratio-and-how-bank-boards-might-take-charge.txt;20 November 2014
will-big-data-keep-its-promise-speech-by-andy-haldane.txt;19 April 2018
will-the-pandemic-scar-the-economy-remarks-by-jonathan-haskel.txt;19 July 2021
will-uk-investment-bounce-back-speech-by-jonathan-haskel.txt;11 March 2019
winding-and-unwinding-extraordinary-monetary-policy.txt;11 September 2012
winner-from-globalisation-speech-by-ben-broadbent.txt;11 July 2017
winning-the-economic-marathon.txt;23 July 2014
work-wages-and-monetary-policy.txt;20 June 2017
working-together-to-deliver-banknotes-for-the-modern-economy.txt;2 September 2015
writing-the-path-back-to-target.txt;12 March 2015
